{
  "calibrated_at": "2026-03-22T22:52:11Z",
  "capture_hours": 0.2,
  "groups": {
    "AIXBT": {
      "alpha": 0.137394,
      "beta": 0.862506,
      "initial_var": 1.1964939001036274e-09,
      "process_noise_floor": 1.1964939001036274e-11,
      "vol_halflife": 5000
    },
    "ETH": {
      "alpha": 0.25,
      "beta": 0.7,
      "initial_var": 4.3740850260730263e-10,
      "process_noise_floor": 4.3740850260730265e-12,
      "vol_halflife": 5000
    }
  }
}